{"tailwind.css":"tailwind-8eac5a9b.css","application.css":"application-8b441ae0.css","application.js":"application-168502b5.js","controllers/hello_controller.js":"controllers/hello_controller-708796bd.js","controllers/index.js":"controllers/index-ee64e1f1.js","controllers/application.js":"controllers/application-3affb389.js","stimulus.min.js":"stimulus.min-4b1e420e.js","stimulus.js":"stimulus-d59b3b7f.js","stimulus.min.js.map":"stimulus.min-2395e199.js.map","stimulus-importmap-autoloader.js":"stimulus-importmap-autoloader-64cc03e1.js","stimulus-autoloader.js":"stimulus-autoloader-9d447422.js","stimulus-loading.js":"stimulus-loading-1fc53fe7.js","turbo.min.js.map":"turbo.min-5dd5a71a.js.map","turbo.js":"turbo-86e38c3c.js","turbo.min.js":"turbo.min-fae85750.js","actiontext.esm.js":"actiontext.esm-f1c04d34.js","actiontext.js":"actiontext-a4ee937e.js","trix.js":"trix-0d050b00.js","trix.css":"trix-c4e7be2d.css","action_cable.js":"action_cable-5212cfee.js","actioncable.esm.js":"actioncable.esm-e0ec9819.js","actioncable.js":"actioncable-ac25813f.js","activestorage.esm.js":"activestorage.esm-f2909226.js","activestorage.js":"activestorage-32201f68.js","rails-ujs.esm.js":"rails-ujs.esm-e925103b.js","rails-ujs.js":"rails-ujs-20eaf715.js"}